ENTIDAD,NOMBRE ENTIDAD,DISTRITO,MUNICIPIO,NOMBRE MUNICIPIO,LOCALIDAD,NOMBRE LOCALIDAD,full_distrito
29,TLAXCALA,1,3,APIZACO,1,APIZACO,1-APIZACO
29,TLAXCALA,2,33,TLAXCALA,1,TLAXCALA DE XICOHTENCATL,2-TLAXCALA
29,TLAXCALA,3,44,ZACATELCO,1,ZACATELCO,3-ZACATELCO
16,MICHOACAN,1,50,LAZARO CARDENAS,1,LAZARO CARDENAS,1-LAZARO CARDENAS
16,MICHOACAN,2,72,PURUANDIRO,1,PURUANDIRO,2-PURUANDIRO
16,MICHOACAN,3,113,ZITACUARO,1,HEROICA ZITACUARO,3-ZITACUARO
16,MICHOACAN,4,45,JIQUILPAN,1,JIQUILPAN DE JUAREZ,4-JIQUILPAN
16,MICHOACAN,5,109,ZAMORA,1,ZAMORA DE HIDALGO,5-ZAMORA
16,MICHOACAN,6,34,HIDALGO,1,CIUDAD HIDALGO,6-HIDALGO
16,MICHOACAN,7,108,ZACAPU,1,ZACAPU,7-ZACAPU
16,MICHOACAN,8,54,MORELIA,1,MORELIA,8-MORELIA
16,MICHOACAN,9,103,URUAPAN,1,URUAPAN DEL PROGRESO,9-URUAPAN
16,MICHOACAN,10,54,MORELIA,1,MORELIA,10-MORELIA
16,MICHOACAN,11,67,PATZCUARO,1,PATZCUARO,11-PATZCUARO
16,MICHOACAN,12,6,APATZINGAN,1,APATZINGAN DE LA CONSTITUCION,12-APATZINGAN
6,COLIMA,1,1,COLIMA,1,COLIMA,1-COLIMA
6,COLIMA,2,8,MANZANILLO,1,MANZANILLO,2-MANZANILLO
10,DURANGO,1,5,DURANGO,1,VICTORIA DE DURANGO,1-DURANGO
10,DURANGO,2,7,GOMEZ PALACIO,1,GOMEZ PALACIO,2-GOMEZ PALACIO
10,DURANGO,3,8,GUADALUPE VICTORIA,1,GUADALUPE VICTORIA,3-GUADALUPE VICTORIA
10,DURANGO,4,5,DURANGO,1,VICTORIA DE DURANGO,4-DURANGO
21,PUEBLA,1,72,HUAUCHINANGO,1,HUAUCHINANGO DE DEGOLLADO,1-HUAUCHINANGO
21,PUEBLA,2,208,ZACATLAN,14,CUAUTILULCO BARRIO,2-ZACATLAN
21,PUEBLA,3,173,TEZIUTLAN,1,TEZIUTLAN,3-TEZIUTLAN
21,PUEBLA,4,10,AJALPAN,1,AJALPAN,4-AJALPAN
21,PUEBLA,5,133,SAN MARTIN TEXMELUCAN,1,SAN MARTIN TEXMELUCAN DE LABASTIDA,5-SAN MARTIN TEXMELUCAN
21,PUEBLA,6,115,PUEBLA,1,HEROICA PUEBLA DE ZARAGOZA,6-PUEBLA
21,PUEBLA,7,163,TEPEACA,1,TEPEACA,7-TEPEACA
21,PUEBLA,8,46,CHALCHICOMULA DE SESMA,1,CIUDAD SERDAN,8-CHALCHICOMULA DE SESMA
21,PUEBLA,9,115,PUEBLA,1,HEROICA PUEBLA DE ZARAGOZA,9-PUEBLA
21,PUEBLA,10,141,SAN PEDRO CHOLULA,1,CHOLULA DE RIVADAVIA,10-SAN PEDRO CHOLULA
21,PUEBLA,11,115,PUEBLA,1,HEROICA PUEBLA DE ZARAGOZA,11-PUEBLA
21,PUEBLA,12,115,PUEBLA,1,HEROICA PUEBLA DE ZARAGOZA,12-PUEBLA
21,PUEBLA,13,19,ATLIXCO,1,ATLIXCO,13-ATLIXCO
21,PUEBLA,14,3,ACATLAN,1,ACATLAN DE OSORIO,14-ACATLAN
21,PUEBLA,15,155,TEHUACAN,1,TEHUACAN,15-TEHUACAN
30,VERACRUZ,1,124,PANUCO,1,PANUCO,1-PANUCO
30,VERACRUZ,2,156,TANTOYUCA,1,TANTOYUCA,2-TANTOYUCA
30,VERACRUZ,3,188,TUXPAN,1,TUXPAN DE RODRIGUEZ CANO,3-TUXPAN
30,VERACRUZ,4,192,VERACRUZ,1,VERACRUZ,4-VERACRUZ
30,VERACRUZ,5,132,POZA RICA DE HIDALGO,1,POZA RICA DE HIDALGO,5-POZA RICA DE HIDALGO
30,VERACRUZ,6,125,PAPANTLA,1,PAPANTLA DE OLARTE,6-PAPANTLA
30,VERACRUZ,7,103,MARTINEZ DE LA TORRE,1,MARTINEZ DE LA TORRE,7-MARTINEZ DE LA TORRE
30,VERACRUZ,8,89,XALAPA,1,XALAPA,8-XALAPA
30,VERACRUZ,9,40,COATEPEC,1,COATEPEC,9-COATEPEC
30,VERACRUZ,10,89,XALAPA,1,XALAPA,10-XALAPA
30,VERACRUZ,11,41,COATZACOALCOS,1,COATZACOALCOS,11-COATZACOALCOS
30,VERACRUZ,12,192,VERACRUZ,1,VERACRUZ,12-VERACRUZ
30,VERACRUZ,13,73,HUATUSCO,1,HUATUSCO,13-HUATUSCO
30,VERACRUZ,14,109,MINATITLAN,1,MINATITLAN,14-MINATITLAN
30,VERACRUZ,15,119,ORIZABA,1,ORIZABA,15-ORIZABA
30,VERACRUZ,16,46,CORDOBA,1,CORDOBA,16-CORDOBA
30,VERACRUZ,17,47,COSAMALOAPAN,1,COSAMALOAPAN,17-COSAMALOAPAN
30,VERACRUZ,18,201,ZONGOLICA,1,ZONGOLICA,18-ZONGOLICA
30,VERACRUZ,19,142,SAN ANDRES TUXTLA,1,SAN ANDRES TUXTLA,19-SAN ANDRES TUXTLA
30,VERACRUZ,20,50,COSOLEACAQUE,1,COSOLEACAQUE,20-COSOLEACAQUE
5,COAHUILA,1,25,PIEDRAS NEGRAS,1,PIEDRAS NEGRAS,1-PIEDRAS NEGRAS
5,COAHUILA,2,33,SAN PEDRO,1,SAN PEDRO,2-SAN PEDRO
5,COAHUILA,3,18,MONCLOVA,1,MONCLOVA,3-MONCLOVA
5,COAHUILA,4,30,SALTILLO,1,SALTILLO,4-SALTILLO
5,COAHUILA,5,35,TORREON,1,TORREON,5-TORREON
5,COAHUILA,6,35,TORREON,1,TORREON,6-TORREON
5,COAHUILA,7,30,SALTILLO,1,SALTILLO,7-SALTILLO
17,MORELOS,1,7,CUERNAVACA,1,CUERNAVACA,1-CUERNAVACA
17,MORELOS,2,11,JIUTEPEC,1,JIUTEPEC,2-JIUTEPEC
17,MORELOS,3,6,CUAUTLA,1,CUAUTLA,3-CUAUTLA
17,MORELOS,4,12,JOJUTLA,1,JOJUTLA,4-JOJUTLA
17,MORELOS,5,29,YAUTEPEC,1,YAUTEPEC,5-YAUTEPEC
25,SINALOA,1,12,MAZATLAN,1,MAZATLAN,1-MAZATLAN
25,SINALOA,2,1,AHOME,1,LOS MOCHIS,2-AHOME
25,SINALOA,3,15,SALVADOR ALVARADO,1,GUAMUCHIL,3-SALVADOR ALVARADO
25,SINALOA,4,11,GUASAVE,1,GUASAVE,4-GUASAVE
25,SINALOA,5,6,CULIACAN,1,CULIACAN DE ROSALES,5-CULIACAN
25,SINALOA,6,12,MAZATLAN,1,MAZATLAN,6-MAZATLAN
25,SINALOA,7,6,CULIACAN,1,CULIACAN DE ROSALES,7-CULIACAN
20,OAXACA,1,182,SAN JUAN BAUTISTA TUXTEPEC,1,SAN JUAN BAUTISTA TUXTEPEC,1-SAN JUAN BAUTISTA TUXTEPEC
20,OAXACA,2,545,TEOTITLAN DE FLORES MAGON,1,TEOTITLAN DE FLORES MAGON,2-TEOTITLAN DE FLORES MAGON
20,OAXACA,3,37,HEROICA CIUDAD DE HUAJUAPAN DE LEON,1,HEROICA CIUDAD DE HUAJUAPAN DE LEON,3-HEROICA CIUDAD DE HUAJUAPAN DE LEON
20,OAXACA,4,550,TLACOLULA DE MATAMOROS,1,TLACOLULA DE MATAMOROS,4-TLACOLULA DE MATAMOROS
20,OAXACA,5,76,SALINA CRUZ,1,SALINA CRUZ,5-SALINA CRUZ
20,OAXACA,6,553,HEROICA CIUDAD DE TLAXIACO,1,HEROICA CIUDAD DE TLAXIACO,6-HEROICA CIUDAD DE TLAXIACO
20,OAXACA,7,41,CIUDAD IXTEPEC,1,CIUDAD IXTEPEC,7-CIUDAD IXTEPEC
20,OAXACA,8,66,OAXACA DE JUAREZ,1,OAXACA DE JUAREZ,8-OAXACA DE JUAREZ
20,OAXACA,9,316,SAN PEDRO MIXTEPEC,3,PUERTO ESCONDIDO,9-SAN PEDRO MIXTEPEC
20,OAXACA,10,59,MIAHUATLAN DE PORFIRIO DIAZ,1,MIAHUATLAN DE PORFIRIO DIAZ,10-MIAHUATLAN DE PORFIRIO DIAZ
23,QUINTANA ROO,1,8,SOLIDARIDAD,1,PLAYA DEL CARMEN,1-SOLIDARIDAD
23,QUINTANA ROO,1,8,SOLIDARIDAD,622,GRUTAS Y CENOTE CHAAC TUN,1-SOLIDARIDAD
23,QUINTANA ROO,1,8,SOLIDARIDAD,862,LINDAVISTA,1-SOLIDARIDAD
23,QUINTANA ROO,1,8,SOLIDARIDAD,952,COL PASEOS DEL PARQUE,1-SOLIDARIDAD
23,QUINTANA ROO,2,7,OTHON P. BLANCO,1,CHETUMAL,2-OTHON P. BLANCO
23,QUINTANA ROO,3,1,BENITO JUAREZ,1,CANCUN,3-BENITO JUAREZ
23,QUINTANA ROO,4,1,BENITO JUAREZ,1,CANCUN,4-BENITO JUAREZ
27,TABASCO,1,12,MACUSPANA,1,MACUSPANA,1-MACUSPANA
27,TABASCO,2,2,CARDENAS,1,HEROICA CARDENAS,2-CARDENAS
27,TABASCO,3,5,COMALCALCO,1,COMALCALCO,3-COMALCALCO
27,TABASCO,4,4,CENTRO,1,VILLAHERMOSA,4-CENTRO
27,TABASCO,5,14,PARAISO,1,PARAISO,5-PARAISO
27,TABASCO,6,4,CENTRO,1,VILLAHERMOSA,6-CENTRO
3,BAJA CALIFORNIA SUR,1,3,LA PAZ,1,LA PAZ,1-LA PAZ
3,BAJA CALIFORNIA SUR,2,4,LOS CABOS,1,SAN JOSE DEL CABO,2-LOS CABOS
1,AGUASCALIENTES,1,5,JESUS MARIA,1,JESUS MARIA,1-JESUS MARIA
1,AGUASCALIENTES,2,1,AGUASCALIENTES,1,AGUASCALIENTES,2-AGUASCALIENTES
1,AGUASCALIENTES,3,1,AGUASCALIENTES,1,AGUASCALIENTES,3-AGUASCALIENTES
2,BAJA CALIFORNIA,1,2,MEXICALI,1,MEXICALI,1-MEXICALI
2,BAJA CALIFORNIA,2,2,MEXICALI,1,MEXICALI,2-MEXICALI
2,BAJA CALIFORNIA,3,1,ENSENADA,1,ENSENADA,3-ENSENADA
2,BAJA CALIFORNIA,4,4,TIJUANA,1,TIJUANA,4-TIJUANA
2,BAJA CALIFORNIA,5,4,TIJUANA,1,TIJUANA,5-TIJUANA
2,BAJA CALIFORNIA,6,4,TIJUANA,1,TIJUANA,6-TIJUANA
2,BAJA CALIFORNIA,7,2,MEXICALI,1,MEXICALI,7-MEXICALI
2,BAJA CALIFORNIA,8,4,TIJUANA,1,TIJUANA,8-TIJUANA
14,JALISCO,1,95,TEQUILA,1,TEQUILA,1-TEQUILA
14,JALISCO,2,55,LAGOS DE MORENO,1,LAGOS DE MORENO,2-LAGOS DE MORENO
14,JALISCO,3,94,TEPATITLAN DE MORELOS,1,TEPATITLAN DE MORELOS,3-TEPATITLAN DE MORELOS
14,JALISCO,4,120,ZAPOPAN,1,ZAPOPAN,4-ZAPOPAN
14,JALISCO,5,69,PUERTO VALLARTA,1,PUERTO VALLARTA,5-PUERTO VALLARTA
14,JALISCO,6,120,ZAPOPAN,1,ZAPOPAN,6-ZAPOPAN
14,JALISCO,7,102,TONALA,1,TONALA,7-TONALA
14,JALISCO,8,41,GUADALAJARA,1,GUADALAJARA,8-GUADALAJARA
14,JALISCO,9,41,GUADALAJARA,1,GUADALAJARA,9-GUADALAJARA
14,JALISCO,10,120,ZAPOPAN,1,ZAPOPAN,10-ZAPOPAN
14,JALISCO,11,41,GUADALAJARA,1,GUADALAJARA,11-GUADALAJARA
14,JALISCO,12,98,TLAJOMULCO DE ZUÑIGA,7,SANTA CRUZ DE LAS FLORES,12-TLAJOMULCO DE ZUÑIGA
14,JALISCO,13,99,SAN PEDRO TLAQUEPAQUE,1,TLAQUEPAQUE,13-SAN PEDRO TLAQUEPAQUE
14,JALISCO,14,41,GUADALAJARA,1,GUADALAJARA,14-GUADALAJARA
14,JALISCO,15,18,LA BARCA,1,LA BARCA,15-LA BARCA
14,JALISCO,16,99,SAN PEDRO TLAQUEPAQUE,1,TLAQUEPAQUE,16-SAN PEDRO TLAQUEPAQUE
14,JALISCO,17,52,JOCOTEPEC,1,JOCOTEPEC,17-JOCOTEPEC
14,JALISCO,18,15,AUTLAN DE NAVARRO,1,AUTLAN DE NAVARRO,18-AUTLAN DE NAVARRO
14,JALISCO,19,23,ZAPOTLAN EL GRANDE,1,CIUDAD GUZMAN,19-ZAPOTLAN EL GRANDE
14,JALISCO,20,102,TONALA,1,TONALA,20-TONALA
24,SAN LUIS POTOSI,1,20,MATEHUALA,1,MATEHUALA,1-MATEHUALA
24,SAN LUIS POTOSI,2,35,SOLEDAD DE GRACIANO SANCHEZ,1,SOLEDAD DE GRACIANO SANCHEZ,2-SOLEDAD DE GRACIANO SANCHEZ
24,SAN LUIS POTOSI,3,24,RIOVERDE,1,RIOVERDE,3-RIOVERDE
24,SAN LUIS POTOSI,4,13,CIUDAD VALLES,1,CIUDAD VALLES,4-CIUDAD VALLES
24,SAN LUIS POTOSI,5,28,SAN LUIS POTOSI,1,SAN LUIS POTOSI,5-SAN LUIS POTOSI
24,SAN LUIS POTOSI,6,28,SAN LUIS POTOSI,1,SAN LUIS POTOSI,6-SAN LUIS POTOSI
24,SAN LUIS POTOSI,7,37,TAMAZUNCHALE,1,TAMAZUNCHALE,7-TAMAZUNCHALE
28,TAMAULIPAS,1,27,NUEVO LAREDO,1,NUEVO LAREDO,1-NUEVO LAREDO
28,TAMAULIPAS,2,32,REYNOSA,1,REYNOSA,2-REYNOSA
28,TAMAULIPAS,3,33,RIO BRAVO,1,RIO BRAVO,3-RIO BRAVO
28,TAMAULIPAS,4,22,MATAMOROS,1,H. MATAMOROS,4-MATAMOROS
28,TAMAULIPAS,5,41,VICTORIA,1,CIUDAD VICTORIA,5-VICTORIA
28,TAMAULIPAS,6,21,EL MANTE,1,CIUDAD MANTE,6-EL MANTE
28,TAMAULIPAS,7,9,CIUDAD MADERO,1,CIUDAD MADERO,7-CIUDAD MADERO
28,TAMAULIPAS,8,38,TAMPICO,1,TAMPICO,8-TAMPICO
28,TAMAULIPAS,9,32,REYNOSA,1,REYNOSA,9-REYNOSA
13,HIDALGO,1,28,HUEJUTLA DE REYES,1,HUEJUTLA DE REYES,1-HUEJUTLA DE REYES
13,HIDALGO,2,30,IXMIQUILPAN,1,IXMIQUILPAN,2-IXMIQUILPAN
13,HIDALGO,3,3,ACTOPAN,1,ACTOPAN,3-ACTOPAN
13,HIDALGO,4,76,TULANCINGO DE BRAVO,1,TULANCINGO DE BRAVO,4-TULANCINGO DE BRAVO
13,HIDALGO,5,75,TULA DE ALLENDE,1,TULA DE ALLENDE,5-TULA DE ALLENDE
13,HIDALGO,6,47,PACHUCA DE SOTO,1,PACHUCA DE SOTO,6-PACHUCA DE SOTO
13,HIDALGO,7,61,TEPEAPULCO,1,TEPEAPULCO,7-TEPEAPULCO
11,GUANAJUATO,1,33,SAN LUIS DE LA PAZ,1,SAN LUIS DE LA PAZ,1-SAN LUIS DE LA PAZ
11,GUANAJUATO,2,3,SAN MIGUEL DE ALLENDE,1,SAN MIGUEL DE ALLENDE,2-SAN MIGUEL DE ALLENDE
11,GUANAJUATO,3,20,LEON,1,LEON,3-LEON
11,GUANAJUATO,4,15,GUANAJUATO,1,GUANAJUATO,4-GUANAJUATO
11,GUANAJUATO,5,20,LEON,1,LEON,5-LEON
11,GUANAJUATO,6,20,LEON,1,LEON,6-LEON
11,GUANAJUATO,7,31,SAN FRANCISCO DEL RINCON,1,SAN FRANCISCO DEL RINCON,7-SAN FRANCISCO DEL RINCON
11,GUANAJUATO,8,27,SALAMANCA,1,SALAMANCA,8-SALAMANCA
11,GUANAJUATO,9,17,IRAPUATO,1,IRAPUATO,9-IRAPUATO
11,GUANAJUATO,10,41,URIANGATO,1,URIANGATO,10-URIANGATO
11,GUANAJUATO,11,20,LEON,1,LEON,11-LEON
11,GUANAJUATO,12,7,CELAYA,1,CELAYA,12-CELAYA
11,GUANAJUATO,13,42,VALLE DE SANTIAGO,1,VALLE DE SANTIAGO,13-VALLE DE SANTIAGO
11,GUANAJUATO,14,2,ACAMBARO,1,ACAMBARO,14-ACAMBARO
11,GUANAJUATO,15,17,IRAPUATO,1,IRAPUATO,15-IRAPUATO
8,CHIHUAHUA,1,37,JUAREZ,1,JUAREZ,1-JUAREZ
8,CHIHUAHUA,2,37,JUAREZ,1,JUAREZ,2-JUAREZ
8,CHIHUAHUA,3,37,JUAREZ,1,JUAREZ,3-JUAREZ
8,CHIHUAHUA,4,37,JUAREZ,1,JUAREZ,4-JUAREZ
8,CHIHUAHUA,5,21,DELICIAS,1,DELICIAS,5-DELICIAS
8,CHIHUAHUA,6,19,CHIHUAHUA,1,CHIHUAHUA,6-CHIHUAHUA
8,CHIHUAHUA,7,17,CUAUHTEMOC,1,CUAUHTEMOC,7-CUAUHTEMOC
8,CHIHUAHUA,8,19,CHIHUAHUA,1,CHIHUAHUA,8-CHIHUAHUA
8,CHIHUAHUA,9,32,HIDALGO DEL PARRAL,1,HIDALGO DEL PARRAL,9-HIDALGO DEL PARRAL
4,CAMPECHE,1,1,CAMPECHE,1,SAN FRANCISCO DE CAMPECHE,1-CAMPECHE
4,CAMPECHE,2,3,CARMEN,1,CIUDAD DEL CARMEN,2-CARMEN
32,ZACATECAS,1,10,FRESNILLO,1,FRESNILLO,1-FRESNILLO
32,ZACATECAS,2,20,JEREZ,1,JEREZ DE GARCIA SALINAS,2-JEREZ
32,ZACATECAS,3,56,ZACATECAS,1,ZACATECAS,3-ZACATECAS
32,ZACATECAS,4,17,GUADALUPE,1,GUADALUPE,4-GUADALUPE
18,NAYARIT,1,15,SANTIAGO IXCUINTLA,1,SANTIAGO IXCUINTLA,1-SANTIAGO IXCUINTLA
18,NAYARIT,2,17,TEPIC,1,TEPIC,2-TEPIC
18,NAYARIT,3,5,COMPOSTELA,1,COMPOSTELA,3-COMPOSTELA
22,QUERETARO,1,3,CADEREYTA DE MONTES,1,CADEREYTA DE MONTES,1-CADEREYTA DE MONTES
22,QUERETARO,2,16,SAN JUAN DEL RIO,1,SAN JUAN DEL RIO,2-SAN JUAN DEL RIO
22,QUERETARO,3,14,QUERETARO,1,SANTIAGO DE QUERETARO,3-QUERETARO
22,QUERETARO,4,14,QUERETARO,1,SANTIAGO DE QUERETARO,4-QUERETARO
22,QUERETARO,5,5,CORREGIDORA,1,EL PUEBLITO,5-CORREGIDORA
26,SONORA,1,55,SAN LUIS RIO COLORADO,1,SAN LUIS RIO COLORADO,1-SAN LUIS RIO COLORADO
26,SONORA,2,30,NOGALES,1,NOGALES,2-NOGALES
26,SONORA,3,49,HERMOSILLO,1,HERMOSILLO,3-HERMOSILLO
26,SONORA,4,61,GUAYMAS,1,GUAYMAS,4-GUAYMAS
26,SONORA,5,49,HERMOSILLO,1,HERMOSILLO,5-HERMOSILLO
26,SONORA,6,59,CAJEME,1,CD. OBREGON,6-CAJEME
26,SONORA,7,65,NAVOJOA,1,NAVOJOA,7-NAVOJOA
12,GUERRERO,1,51,PUNGARABATO,1,CD. ALTAMIRANO,1-PUNGARABATO
12,GUERRERO,2,36,IGUALA DE LA INDEPENDENCIA,1,IGUALA,2-IGUALA DE LA INDEPENDENCIA
12,GUERRERO,3,39,ZIHUATANEJO DE AZUETA,1,ZIHUATANEJO,3-ZIHUATANEJO DE AZUETA
12,GUERRERO,4,1,ACAPULCO DE JUAREZ,1,ACAPULCO,4-ACAPULCO DE JUAREZ
12,GUERRERO,5,67,TLAPA DE COMONFORT,1,TLAPA,5-TLAPA DE COMONFORT
12,GUERRERO,6,28,CHILAPA DE ALVAREZ,1,CHILAPA,6-CHILAPA DE ALVAREZ
12,GUERRERO,7,29,CHILPANCINGO DE LOS BRAVO,1,CHILPANCINGO,7-CHILPANCINGO DE LOS BRAVO
12,GUERRERO,8,12,AYUTLA DE LOS LIBRES,1,AYUTLA DE LOS LIBRES,8-AYUTLA DE LOS LIBRES
12,GUERRERO,9,1,ACAPULCO DE JUAREZ,1,ACAPULCO,9-ACAPULCO DE JUAREZ
19,NUEVO LEON,1,48,SANTA CATARINA,1,SANTA CATARINA,1-SANTA CATARINA
19,NUEVO LEON,2,6,APODACA,1,APODACA,2-APODACA
19,NUEVO LEON,3,21,GRAL. ESCOBEDO,1,GRAL. ESCOBEDO,3-GRAL. ESCOBEDO
19,NUEVO LEON,4,47,SAN NICOLAS DE LOS GARZA,1,SAN NICOLAS DE LOS GARZA,4-SAN NICOLAS DE LOS GARZA
19,NUEVO LEON,5,40,MONTERREY,1,MONTERREY,5-MONTERREY
19,NUEVO LEON,6,40,MONTERREY,1,MONTERREY,6-MONTERREY
19,NUEVO LEON,7,18,GARCIA,1,GARCIA,7-GARCIA
19,NUEVO LEON,8,26,GUADALUPE,1,GUADALUPE,8-GUADALUPE
19,NUEVO LEON,9,34,LINARES,1,LINARES,9-LINARES
19,NUEVO LEON,10,40,MONTERREY,1,MONTERREY,10-MONTERREY
19,NUEVO LEON,11,26,GUADALUPE,1,GUADALUPE,11-GUADALUPE
19,NUEVO LEON,12,32,JUAREZ,1,BENITO JUAREZ,12-JUAREZ
9,CIUDAD DE MEXICO,1,5,GUSTAVO A. MADERO,1,CIUDAD DE MEXICO,1-GUSTAVO A. MADERO
9,CIUDAD DE MEXICO,2,5,GUSTAVO A. MADERO,1,CIUDAD DE MEXICO,2-GUSTAVO A. MADERO
9,CIUDAD DE MEXICO,3,2,AZCAPOTZALCO,1,CIUDAD DE MEXICO,3-AZCAPOTZALCO
9,CIUDAD DE MEXICO,4,7,IZTAPALAPA,1,CIUDAD DE MEXICO,4-IZTAPALAPA
9,CIUDAD DE MEXICO,5,12,TLALPAN,1,CIUDAD DE MEXICO,5-TLALPAN
9,CIUDAD DE MEXICO,6,8,LA MAGDALENA CONTRERAS,1,CIUDAD DE MEXICO,6-LA MAGDALENA CONTRERAS
9,CIUDAD DE MEXICO,7,5,GUSTAVO A. MADERO,1,CIUDAD DE MEXICO,7-GUSTAVO A. MADERO
9,CIUDAD DE MEXICO,8,15,CUAUHTEMOC,1,CIUDAD DE MEXICO,8-CUAUHTEMOC
9,CIUDAD DE MEXICO,9,11,TLAHUAC,1,CIUDAD DE MEXICO,9-TLAHUAC
9,CIUDAD DE MEXICO,10,16,MIGUEL HIDALGO,1,CIUDAD DE MEXICO,10-MIGUEL HIDALGO
9,CIUDAD DE MEXICO,11,17,VENUSTIANO CARRANZA,1,CIUDAD DE MEXICO,11-VENUSTIANO CARRANZA
9,CIUDAD DE MEXICO,12,15,CUAUHTEMOC,1,CIUDAD DE MEXICO,12-CUAUHTEMOC
9,CIUDAD DE MEXICO,13,6,IZTACALCO,1,CIUDAD DE MEXICO,13-IZTACALCO
9,CIUDAD DE MEXICO,14,12,TLALPAN,1,CIUDAD DE MEXICO,14-TLALPAN
9,CIUDAD DE MEXICO,15,14,BENITO JUAREZ,1,CIUDAD DE MEXICO,15-BENITO JUAREZ
9,CIUDAD DE MEXICO,16,10,ALVARO OBREGON,1,CIUDAD DE MEXICO,16-ALVARO OBREGON
9,CIUDAD DE MEXICO,17,4,CUAJIMALPA DE MORELOS,1,CIUDAD DE MEXICO,17-CUAJIMALPA DE MORELOS
9,CIUDAD DE MEXICO,18,7,IZTAPALAPA,1,CIUDAD DE MEXICO,18-IZTAPALAPA
9,CIUDAD DE MEXICO,19,7,IZTAPALAPA,1,CIUDAD DE MEXICO,19-IZTAPALAPA
9,CIUDAD DE MEXICO,20,7,IZTAPALAPA,1,CIUDAD DE MEXICO,20-IZTAPALAPA
9,CIUDAD DE MEXICO,21,13,XOCHIMILCO,1,CIUDAD DE MEXICO,21-XOCHIMILCO
9,CIUDAD DE MEXICO,22,7,IZTAPALAPA,1,CIUDAD DE MEXICO,22-IZTAPALAPA
9,CIUDAD DE MEXICO,23,3,COYOACAN,1,CIUDAD DE MEXICO,23-COYOACAN
9,CIUDAD DE MEXICO,24,3,COYOACAN,1,CIUDAD DE MEXICO,24-COYOACAN
31,YUCATAN,1,102,VALLADOLID,1,VALLADOLID,1-VALLADOLID
31,YUCATAN,2,59,PROGRESO,1,PROGRESO,2-PROGRESO
31,YUCATAN,3,50,MERIDA,1,MERIDA,3-MERIDA
31,YUCATAN,4,50,MERIDA,1,MERIDA,4-MERIDA
31,YUCATAN,5,89,TICUL,1,TICUL,5-TICUL
7,CHIAPAS,1,65,PALENQUE,1,PALENQUE,1-PALENQUE
7,CHIAPAS,2,13,BOCHIL,1,BOCHIL,2-BOCHIL
7,CHIAPAS,3,59,OCOSINGO,1,OCOSINGO,3-OCOSINGO
7,CHIAPAS,4,68,PICHUCALCO,1,PICHUCALCO,4-PICHUCALCO
7,CHIAPAS,5,77,SAN CRISTOBAL DE LAS CASAS,1,SAN CRISTOBAL DE LAS CASAS,5-SAN CRISTOBAL DE LAS CASAS
7,CHIAPAS,6,102,TUXTLA GUTIERREZ,1,TUXTLA GUTIERREZ,6-TUXTLA GUTIERREZ
7,CHIAPAS,7,97,TONALA,1,TONALA,7-TONALA
7,CHIAPAS,8,19,COMITAN DE DOMINGUEZ,1,COMITAN DE DOMINGUEZ,8-COMITAN DE DOMINGUEZ
7,CHIAPAS,9,102,TUXTLA GUTIERREZ,1,TUXTLA GUTIERREZ,9-TUXTLA GUTIERREZ
7,CHIAPAS,10,109,VILLAFLORES,1,VILLAFLORES,10-VILLAFLORES
7,CHIAPAS,11,52,LAS MARGARITAS,1,LAS MARGARITAS,11-LAS MARGARITAS
7,CHIAPAS,12,90,TAPACHULA,1,TAPACHULA,12-TAPACHULA
7,CHIAPAS,13,37,HUEHUETAN,1,HUEHUETAN,13-HUEHUETAN
15,MEXICO,1,46,JILOTEPEC,1,JILOTEPEC DE ANDRES MOLINA ENRIQUEZ,1-JILOTEPEC
15,MEXICO,2,109,TULTEPEC,1,SANTA MARIA TULTEPEC,2-TULTEPEC
15,MEXICO,3,14,ATLACOMULCO,1,ATLACOMULCO DE FABELA,3-ATLACOMULCO
15,MEXICO,4,61,NICOLAS ROMERO,1,NICOLAS ROMERO,4-NICOLAS ROMERO
15,MEXICO,5,93,TEOTIHUACAN,1,TEOTIHUACAN DE ARISTA,5-TEOTIHUACAN
15,MEXICO,6,20,COACALCO DE BERRIOZABAL,1,COACALCO DE BERRIOZABAL,6-COACALCO DE BERRIOZABAL
15,MEXICO,7,25,CUAUTITLAN IZCALLI,1,CUAUTITLAN IZCALLI,7-CUAUTITLAN IZCALLI
15,MEXICO,8,110,TULTITLAN,1,TULTITLAN DE MARIANO ESCOBEDO,8-TULTITLAN
15,MEXICO,9,75,SAN FELIPE DEL PROGRESO,1,SAN FELIPE DEL PROGRESO,9-SAN FELIPE DEL PROGRESO
15,MEXICO,10,34,ECATEPEC DE MORELOS,1,ECATEPEC DE MORELOS,10-ECATEPEC DE MORELOS
15,MEXICO,11,34,ECATEPEC DE MORELOS,1,ECATEPEC DE MORELOS,11-ECATEPEC DE MORELOS
15,MEXICO,12,40,IXTAPALUCA,1,IXTAPALUCA,12-IXTAPALUCA
15,MEXICO,13,34,ECATEPEC DE MORELOS,1,ECATEPEC DE MORELOS,13-ECATEPEC DE MORELOS
15,MEXICO,14,13,ATIZAPAN DE ZARAGOZA,1,CIUDAD ADOLFO LOPEZ MATEOS,14-ATIZAPAN DE ZARAGOZA
15,MEXICO,15,13,ATIZAPAN DE ZARAGOZA,1,CIUDAD ADOLFO LOPEZ MATEOS,15-ATIZAPAN DE ZARAGOZA
15,MEXICO,16,34,ECATEPEC DE MORELOS,1,ECATEPEC DE MORELOS,16-ECATEPEC DE MORELOS
15,MEXICO,17,34,ECATEPEC DE MORELOS,1,ECATEPEC DE MORELOS,17-ECATEPEC DE MORELOS
15,MEXICO,18,38,HUIXQUILUCAN,1,HUIXQUILUCAN DE DEGOLLADO,18-HUIXQUILUCAN
15,MEXICO,19,105,TLALNEPANTLA DE BAZ,1,TLALNEPANTLA DE BAZ,19-TLALNEPANTLA DE BAZ
15,MEXICO,20,60,NEZAHUALCOYOTL,1,CD. NEZAHUALCOYOTL,20-NEZAHUALCOYOTL
15,MEXICO,21,9,AMECAMECA,1,AMECAMECA DE JUAREZ,21-AMECAMECA
15,MEXICO,22,58,NAUCALPAN DE JUAREZ,1,NAUCALPAN DE JUAREZ,22-NAUCALPAN DE JUAREZ
15,MEXICO,23,52,LERMA,1,LERMA DE VILLADA,23-LERMA
15,MEXICO,24,58,NAUCALPAN DE JUAREZ,1,NAUCALPAN DE JUAREZ,24-NAUCALPAN DE JUAREZ
15,MEXICO,25,32,CHIMALHUACAN,1,CHIMALHUACAN,25-CHIMALHUACAN
15,MEXICO,26,107,TOLUCA,1,TOLUCA DE LERDO,26-TOLUCA
15,MEXICO,27,55,METEPEC,1,METEPEC,27-METEPEC
15,MEXICO,28,121,ZUMPANGO,1,ZUMPANGO DE OCAMPO,28-ZUMPANGO
15,MEXICO,29,60,NEZAHUALCOYOTL,1,CD. NEZAHUALCOYOTL,29-NEZAHUALCOYOTL
15,MEXICO,30,32,CHIMALHUACAN,1,CHIMALHUACAN,30-CHIMALHUACAN
15,MEXICO,31,60,NEZAHUALCOYOTL,1,CD. NEZAHUALCOYOTL,31-NEZAHUALCOYOTL
15,MEXICO,32,122,VALLE DE CHALCO SOLIDARIDAD,2,VALLE DE CHALCO SOLIDARIDAD,32-VALLE DE CHALCO SOLIDARIDAD
15,MEXICO,33,26,CHALCO,1,CHALCO DE DIAZ COVARRUBIAS,33-CHALCO
15,MEXICO,34,107,TOLUCA,1,TOLUCA DE LERDO,34-TOLUCA
15,MEXICO,35,89,TENANCINGO,1,TENANCINGO DE DEGOLLADO,35-TENANCINGO
15,MEXICO,36,83,TEJUPILCO,1,TEJUPILCO DE HIDALGO,36-TEJUPILCO
15,MEXICO,37,24,CUAUTITLAN,1,CUAUTITLAN,37-CUAUTITLAN
15,MEXICO,38,100,TEXCOCO,1,TEXCOCO DE MORA,38-TEXCOCO
15,MEXICO,39,71,LA PAZ,1,LOS REYES ACAQUILPAN,39-LA PAZ
15,MEXICO,40,119,ZINACANTEPEC,1,SAN MIGUEL ZINACANTEPEC,40-ZINACANTEPEC
15,MEXICO,41,82,TECAMAC,2,OJO DE AGUA,41-TECAMAC
